card_id,name,type,hp,attack,defense,sp_attack,sp_defense,speed,generation,is_legendary,rarity,price_usd
PKM-05-0000,Zenith-122,Psychic,72,65,54,89,79,70,5,False,Ultra Rare,29.05
PKM-01-0001,Machamp-188,Fighting,72,73,63,55,90,78,1,False,Common,0.84
PKM-09-0002,Titanor-14,Steel,63,89,97,58,74,58,9,False,Common,1.19
PKM-06-0003,Flamara-54,Fire,61,86,72,81,68,81,6,False,Ultra Rare,29.05
PKM-02-0004,Floravia-41,Grass,71,59,74,77,59,62,2,False,Rare,5.44
PKM-05-0005,Fernix-231,Grass,76,67,73,91,72,62,5,False,Rare,10.62
PKM-05-0006,Sparklix-101,Fairy,65,67,63,88,76,72,5,False,Uncommon,4.29
PKM-01-0007,Brawlix-237,Fighting,65,96,71,56,72,78,1,False,Uncommon,3.84
PKM-02-0008,Zaptor-286,Electric,61,77,56,81,67,99,2,False,Common,1.31
PKM-02-0009,Ignithor-137,Fire,94,83,55,71,65,79,2,False,Common,1.28
PKM-03-0011,Draconus-255,Dragon,83,104,79,87,85,90,3,False,Uncommon,3.89
PKM-03-0012,Duskull-147,Dark,67,82,68,81,82,80,3,False,Uncommon,4.31
PKM-06-0013,Typicus-252,Normal,57,71,75,66,58,61,6,False,Common,1.05
PKM-08-0014,Pebblor-75,Rock,83,97,100,58,73,35,8,False,Rare,9.54
PKM-04-0015,Biohazard-135,Poison,80,117,104,147,74,112,4,True,Common,6.86
PKM-04-0016,Sludgor-286,Poison,83,86,66,80,97,74,4,False,Uncommon,4.98
PKM-02-0017,Scorchling-99,Fire,81,65,68,80,67,80,2,False,Secret Rare,98.15
PKM-03-0018,Thornax-58,Grass,76,54,61,72,64,58,3,False,Uncommon,3.36
PKM-05-0021,Infernus-144,Fire,75,89,75,73,65,68,5,False,Common,0.92
PKM-06-0022,Emberix-129,Fire,71,81,68,63,79,97,6,False,Ultra Rare,28.1
PKM-05-0023,Soarling-76,Flying,58,77,56,61,71,95,5,False,Rare,7.92
PKM-09-0024,Machamp-290,Fighting,108,139,123,73,96,103,9,True,Uncommon,25.19
PKM-06-0025,Granitus-33,Rock,96,60,93,65,77,48,6,False,Uncommon,2.66
PKM-07-0026,Voltix-196,Electric,72,114,87,120,61,149,7,True,Rare,50.35
PKM-03-0028,Grimora-177,Dark,70,94,71,77,56,46,3,False,Uncommon,2.41
PKM-02-0029,Splashon-151,Water,81,72,78,91,88,74,2,False,Uncommon,5.2
PKM-03-0030,Granitus-122,Rock,75,68,99,45,77,53,3,False,Uncommon,3.43
PKM-03-0031,Amperix-91,Electric,57,58,44,85,84,75,3,False,Rare,9.29
PKM-06-0032,Antennix-190,Bug,54,45,65,46,73,72,6,False,Rare,7.98
PKM-01-0034,Avianix-8,Flying,74,64,46,64,57,76,1,False,Common,0.77
PKM-03-0035,Fistina-220,Fighting,73,90,86,32,66,85,3,False,Common,0.93
PKM-09-0036,Cerebryx-282,Psychic,73,54,62,97,60,70,9,False,Rare,7.47
PKM-09-0037,Scorchling-259,Fire,90,88,61,64,56,90,9,False,Rare,10.99
PKM-06-0038,Metallix-118,Steel,64,88,89,90,98,56,6,False,Common,1.54
PKM-09-0039,Spectreon-98,Ghost,73,90,62,80,54,104,9,False,Ultra Rare,40.97
PKM-07-0040,Sparkeon-184,Electric,69,75,44,102,73,81,7,False,Uncommon,3.31
PKM-03-0041,Nyxara-8,Dark,80,75,79,72,74,80,3,False,Uncommon,4.14
PKM-03-0042,Thornax-1,Grass,48,70,62,68,74,60,3,False,Rare,8.1
PKM-01-0043,Duskull-257,Dark,76,77,70,78,69,80,1,False,Common,1.44
PKM-01-0044,Grimora-7,Dark,83,89,66,84,61,77,1,False,Rare,11.88
PKM-01-0045,Hydrox-25,Water,87,79,85,81,71,69,1,False,Uncommon,4.17
PKM-01-0046,Ironix-101,Steel,83,66,75,74,85,61,1,False,Rare,8.22
PKM-02-0047,Wavern-95,Water,86,79,74,79,88,75,2,False,Common,1.59
PKM-02-0048,Nightshade-118,Dark,65,91,72,92,79,87,2,False,Uncommon,3.23
PKM-05-0049,Voidling-178,Dark,95,65,55,77,64,82,5,False,Ultra Rare,23.3
PKM-05-0050,Ignithor-94,Fire,69,100,59,67,71,88,5,False,Common,0.93
PKM-07-0051,Larvitar-213,Bug,54,63,72,57,68,57,7,False,Rare,7.59
PKM-05-0052,Bruison-23,Fighting,99,79,57,33,57,75,5,False,Rare,6.7
PKM-06-0053,Nightshade-15,Dark,74,95,74,90,79,87,6,False,Uncommon,35.2
PKM-07-0054,Thornax-294,Grass,47,71,97,70,106,71,7,False,Rare,10.39
PKM-05-0055,Mindora-292,Psychic,105,97,63,118,89,98,5,True,Rare,47.46
PKM-02-0056,Frozeon-171,Ice,76,82,69,82,67,79,2,False,Common,1.33
PKM-09-0057,Alloyus-267,Steel,60,78,95,75,68,75,9,False,Uncommon,2.76
PKM-03-0058,Amperix-244,Electric,100,95,61,102,89,153,3,True,Rare,40.07
PKM-04-0059,Karaton-161,Fighting,90,76,59,55,57,73,4,False,Common,1.36
PKM-06-0060,Grimora-211,Dark,70,63,55,89,73,91,6,False,Uncommon,3.17
PKM-04-0061,Standardix-166,Normal,71,72,59,62,56,79,4,False,Uncommon,3.7
PKM-07-0062,Obsidian-8,Dark,82,73,64,79,57,87,7,False,Rare,7.35
PKM-07-0063,Floravia-165,Grass,67,54,68,77,88,77,7,False,Rare,11.17
PKM-06-0064,Aquaeon-197,Water,72,61,88,57,87,55,6,False,Rare,8.32
PKM-09-0065,Drakkari-280,Dragon,86,80,79,88,79,71,9,False,Uncommon,4.28
PKM-02-0066,Standardix-235,Normal,64,67,67,71,74,75,2,False,Uncommon,3.33
PKM-03-0067,Wraith-76,Ghost,67,79,76,95,56,72,3,False,Uncommon,3.72
PKM-01-0068,Pyroar-282,Fire,83,83,72,95,68,90,1,False,Common,1.85
PKM-04-0069,Wavern-227,Water,87,72,70,97,67,56,4,False,Uncommon,3.54
PKM-01-0070,Plainix-229,Normal,84,64,67,84,71,82,1,False,Uncommon,4.37
PKM-08-0071,Commonus-143,Normal,72,71,61,66,52,96,8,False,Uncommon,2.9
PKM-01-0072,Wavern-215,Water,91,77,74,68,101,73,1,False,Rare,12.38
PKM-08-0073,Cerebryx-183,Psychic,84,35,61,108,97,88,8,False,Uncommon,4.14
PKM-04-0074,Mentalis-251,Psychic,70,65,54,109,107,76,4,False,Rare,13.76
PKM-04-0075,Sludgor-65,Poison,65,72,56,65,59,67,4,False,Rare,5.34
PKM-01-0077,Leafeon-218,Grass,74,70,62,85,100,74,1,False,Rare,10.76
PKM-09-0078,Vinegor-160,Grass,92,58,52,71,73,52,9,False,Uncommon,2.16
PKM-09-0079,Granitus-226,Rock,57,67,103,50,66,54,9,False,Common,0.82
PKM-04-0080,Basicus-115,Normal,70,80,71,83,70,66,4,False,Common,1.41
PKM-06-0081,Sparklix-45,Fairy,85,71,83,91,88,76,6,False,Rare,10.6
PKM-07-0082,Regulon-12,Normal,76,70,51,72,71,91,7,False,Common,1.35
PKM-09-0083,Tsunamon-60,Water,90,62,69,79,84,63,9,False,Rare,11.12
PKM-08-0084,Karaton-192,Fighting,74,114,81,67,58,73,8,False,Common,1.59
PKM-01-0085,Mentalis-226,Psychic,57,53,66,104,96,93,1,False,Rare,9.3
PKM-09-0086,Cloudor-84,Flying,54,68,59,72,62,93,9,False,Common,0.86
PKM-08-0087,Magmoth-27,Fire,78,89,70,84,76,98,8,False,Uncommon,3.45
PKM-07-0088,Blazeon-222,Fire,68,103,64,65,71,78,7,False,Ultra Rare,26.81
PKM-01-0089,Buzzwing-95,Bug,69,82,67,59,53,79,1,False,Common,0.8
PKM-02-0090,Draconus-202,Dragon,85,82,75,95,86,75,2,False,Common,1.78
PKM-01-0091,Ignithor-9,Fire,93,88,68,86,64,95,1,False,Uncommon,5.24
PKM-07-0092,Flamara-3,Fire,91,80,82,90,93,80,7,False,Rare,11.34
PKM-04-0093,Puncheon-82,Fighting,85,75,61,49,51,70,4,False,Rare,7.27
PKM-09-0094,Fernix-24,Grass,51,55,59,100,73,87,9,False,Rare,11.02
PKM-05-0095,Gaiax-125,Ground,85,72,98,62,69,53,5,False,Uncommon,4.46
PKM-06-0097,Zenith-164,Psychic,69,59,60,82,94,75,6,False,Ultra Rare,28.64
PKM-02-0098,Floravia-284,Grass,66,85,78,84,85,72,2,False,Uncommon,3.34
PKM-04-0099,Marinox-282,Water,92,69,75,55,89,73,4,False,Common,1.23
PKM-01-0100,Nyxara-126,Dark,86,74,76,64,63,99,1,False,Uncommon,4.8
PKM-06-0102,Ironix-90,Steel,60,75,78,74,81,62,6,False,Ultra Rare,25.1
PKM-09-0103,Wavern-82,Water,81,77,71,84,89,56,9,False,Uncommon,3.47
PKM-03-0104,Mystique-224,Fairy,62,53,71,77,100,90,3,False,Uncommon,3.71
PKM-04-0105,Telekine-221,Psychic,58,39,74,76,108,87,4,False,Rare,11.22
PKM-01-0106,Bansheon-107,Ghost,62,73,58,90,74,75,1,False,Rare,7.93
PKM-03-0109,Buzzwing-72,Bug,63,85,56,44,66,79,3,False,Uncommon,3.19
PKM-04-0110,Ethereon-175,Ghost,70,66,84,66,69,75,4,False,Rare,7.71
PKM-05-0111,Leafeon-254,Grass,65,58,91,89,56,50,5,False,Uncommon,3.56
PKM-05-0112,Scorchling-42,Fire,76,87,73,66,53,100,5,False,Common,1.17
PKM-07-0113,Zaptor-5,Electric,66,63,66,74,59,102,7,False,Uncommon,3.36
PKM-03-0114,Vinegor-286,Grass,78,47,88,86,71,58,3,False,Common,1.09
PKM-09-0115,Haunter-144,Ghost,55,67,68,92,82,73,9,False,Common,0.9
PKM-05-0116,Floravia-38,Grass,67,60,63,64,62,62,5,False,Rare,7.16
PKM-08-0117,Wraith-143,Ghost,65,69,69,82,77,88,8,False,Common,1.47
PKM-02-0118,Sparkeon-206,Electric,65,71,57,91,94,91,2,False,Common,1.56
PKM-01-0119,Splashon-25,Water,83,69,70,78,86,71,1,False,Uncommon,4.72
PKM-01-0120,Fernix-60,Grass,74,64,81,112,100,72,1,True,Rare,41.91
PKM-02-0121,Forgeron-156,Steel,63,76,91,66,86,60,2,False,Common,1.44
PKM-04-0122,Chromax-178,Steel,56,77,83,46,90,67,4,False,Common,1.27
PKM-01-0123,Infernus-149,Fire,69,88,50,81,69,90,1,False,Uncommon,2.84
PKM-01-0124,Wyvernix-196,Dragon,81,95,90,90,90,88,1,False,Uncommon,4.69
PKM-06-0125,Skyeon-129,Flying,71,73,68,62,64,103,6,False,Common,1.13
PKM-04-0126,Fistina-69,Fighting,80,112,67,50,67,70,4,False,Common,0.91
PKM-06-0127,Flamara-228,Fire,87,78,54,85,81,92,6,False,Common,1.19
PKM-03-0128,Magmoth-49,Fire,66,76,74,79,62,81,3,False,Common,1.17
PKM-04-0129,Coralith-226,Water,81,61,64,55,100,58,4,False,Uncommon,4.16
PKM-08-0130,Petalia-122,Grass,73,67,83,71,87,68,8,False,Common,1.42
PKM-05-0131,Larvitar-22,Bug,77,73,68,48,48,74,5,False,Uncommon,2.55
PKM-05-0132,Astralith-19,Psychic,80,57,48,92,98,82,5,False,Rare,11.77
PKM-08-0133,Eartheon-10,Ground,87,90,100,64,71,37,8,False,Common,1.26
PKM-01-0134,Boulderix-20,Rock,66,75,102,56,92,51,1,False,Rare,11.92
PKM-06-0135,Forgeron-202,Steel,54,92,89,90,79,61,6,False,Common,1.39
PKM-06-0136,Wyvernix-159,Dragon,75,93,90,93,80,98,6,False,Uncommon,4.56
PKM-03-0137,Aquaeon-251,Water,91,76,65,85,84,59,3,False,Rare,10.38
PKM-06-0138,Tsunamon-137,Water,88,70,80,66,96,86,6,False,Uncommon,4.8
PKM-08-0139,Glaciar-69,Ice,71,79,63,93,63,74,8,False,Rare,7.27
PKM-06-0140,Standardix-297,Normal,78,59,68,59,68,71,6,False,Uncommon,2.26
PKM-02-0141,Pyroar-270,Fire,66,75,61,95,64,84,2,False,Common,0.9
PKM-03-0142,Iciclon-70,Ice,77,75,72,80,73,68,3,False,Common,1.05
PKM-06-0143,Plainix-161,Normal,70,64,71,60,75,96,6,False,Secret Rare,90.73
PKM-06-0144,Boulderix-98,Rock,74,71,82,59,70,75,6,False,Rare,8.75
PKM-04-0145,Enchanta-59,Fairy,68,59,63,91,82,69,4,False,Uncommon,3.13
PKM-08-0146,Chitinor-116,Bug,56,75,68,54,59,67,8,False,Uncommon,3.34
PKM-06-0147,Shadowix-178,Dark,73,76,64,69,67,72,6,False,Uncommon,3.83
PKM-02-0148,Thornax-104,Grass,42,75,62,82,59,82,2,False,Common,1.25
PKM-06-0150,Venomix-260,Poison,61,78,63,77,64,62,6,False,Uncommon,3.95
PKM-01-0151,Zaptor-213,Electric,72,64,60,100,65,91,1,False,Common,0.95
PKM-06-0152,Plainix-75,Normal,87,85,74,60,69,69,6,False,Uncommon,3.95
PKM-06-0153,Marinox-47,Water,87,67,80,70,88,56,6,False,Uncommon,4.15
PKM-01-0154,Eclipsor-142,Dark,73,88,72,82,66,68,1,False,Common,1.15
PKM-03-0155,Mossling-84,Grass,69,61,78,73,83,74,3,False,Common,1.53
PKM-04-0156,Steelgard-120,Steel,73,98,92,61,84,56,4,False,Uncommon,3.49
PKM-06-0157,Titanor-68,Steel,58,67,107,66,79,43,6,False,Common,0.95
PKM-02-0158,Mantidor-172,Bug,62,76,71,81,41,68,2,False,Uncommon,2.87
PKM-04-0159,Swarmling-21,Bug,72,87,54,62,50,75,4,False,Uncommon,2.79
PKM-05-0160,Brawlix-257,Fighting,73,79,71,45,63,78,5,False,Uncommon,3.08
PKM-04-0161,Puncheon-237,Fighting,104,87,81,51,60,82,4,False,Uncommon,3.89
PKM-01-0162,Bruison-265,Fighting,74,103,71,63,66,84,1,False,Common,0.94
PKM-09-0163,Mystique-1,Fairy,89,52,73,92,98,63,9,False,Common,1.17
PKM-08-0164,Standardix-158,Normal,76,78,62,56,43,62,8,False,Ultra Rare,18.54
PKM-01-0165,Zenith-41,Psychic,71,59,49,109,84,80,1,False,Rare,10.9
PKM-06-0166,Snowflakix-117,Ice,63,76,64,77,73,56,6,False,Uncommon,3.28
PKM-03-0167,Infernus-294,Fire,79,93,83,72,60,74,3,False,Common,1.53
PKM-08-0168,Brawlix-41,Fighting,61,88,51,61,80,82,8,False,Rare,9.93
PKM-01-0169,Mysticor-193,Psychic,68,59,36,98,89,93,1,False,Common,0.92
PKM-05-0170,Geolith-31,Rock,66,84,90,59,80,55,5,False,Uncommon,3.27
PKM-02-0171,Flamara-262,Fire,72,100,70,77,76,81,2,False,Common,1.47
PKM-09-0172,Spiritus-109,Ghost,64,73,47,86,81,80,9,False,Secret Rare,105.53
PKM-04-0173,Bansheon-21,Ghost,65,74,69,66,73,73,4,False,Rare,9.47
PKM-08-0174,Puncheon-214,Fighting,99,106,65,37,64,69,8,False,Uncommon,3.69
PKM-06-0175,Sproutling-47,Grass,66,67,68,88,73,58,6,False,Ultra Rare,35.44
PKM-03-0176,Karaton-75,Fighting,86,87,72,25,92,72,3,False,Rare,11.41
PKM-07-0177,Acidius-163,Poison,68,73,68,86,75,45,7,False,Uncommon,3.47
PKM-06-0178,Snowflakix-54,Ice,97,79,75,84,87,66,6,False,Common,1.46
PKM-09-0179,Swarmling-30,Bug,65,77,69,49,66,86,9,False,Secret Rare,122.92
PKM-04-0180,Geolith-260,Rock,68,78,87,56,56,57,4,False,Uncommon,2.26
PKM-01-0181,Nightshade-13,Dark,63,91,67,85,62,75,1,False,Rare,8.36
PKM-05-0182,Scorchling-269,Fire,58,97,56,83,70,95,5,False,Uncommon,3.77
PKM-06-0183,Drakkari-178,Dragon,93,95,82,98,68,85,6,False,Uncommon,5.61
PKM-01-0184,Fernix-127,Grass,63,65,84,69,66,81,1,False,Uncommon,2.6
PKM-03-0185,Zaptor-141,Electric,46,58,61,94,77,96,3,False,Common,1.4
PKM-08-0186,Mystique-24,Fairy,64,70,72,82,85,76,8,False,Common,1.14
PKM-04-0187,Winglord-256,Flying,55,60,72,66,61,94,4,False,Uncommon,3.41
PKM-06-0188,Fistina-237,Fighting,72,90,82,58,75,61,6,False,Rare,8.92
PKM-02-0189,Averagon-13,Normal,57,71,49,53,62,43,2,False,Common,0.64
PKM-04-0190,Duskull-188,Dark,122,106,69,96,87,102,4,True,Uncommon,20.87
PKM-03-0191,Serpentis-134,Dragon,66,82,92,76,86,72,3,False,Common,1.43
PKM-08-0192,Scaledor-160,Dragon,86,92,77,99,63,76,8,False,Uncommon,3.25
PKM-06-0193,Mossling-218,Grass,71,65,76,64,87,83,6,False,Common,1.28
PKM-05-0194,Beetlix-26,Bug,55,78,74,55,64,64,5,False,Common,1.13
PKM-04-0195,Soarling-174,Flying,59,73,60,75,65,73,4,False,Common,1.14
PKM-04-0196,Flamara-223,Fire,60,82,60,85,54,89,4,False,Common,1.11
PKM-05-0198,Glimmer-93,Fairy,71,59,57,91,98,70,5,False,Uncommon,4.2
PKM-04-0199,Splashon-173,Water,109,84,112,98,98,114,4,True,Uncommon,17.47
PKM-05-0200,Chitinor-17,Bug,53,77,45,63,47,82,5,False,Ultra Rare,17.01
PKM-02-0201,Frosteon-193,Ice,77,73,49,99,80,101,2,False,Common,1.61
PKM-09-0202,Petalia-133,Grass,84,60,71,45,79,56,9,False,Common,0.79
PKM-01-0203,Zaptor-271,Electric,63,80,53,102,70,108,1,False,Rare,10.8
PKM-03-0204,Emberix-169,Fire,68,85,54,69,76,73,3,False,Common,1.29
PKM-03-0205,Boulderix-112,Rock,70,84,102,57,69,69,3,False,Uncommon,3.97
PKM-06-0206,Sparklix-162,Fairy,79,74,76,69,100,65,6,False,Common,1.52
PKM-03-0207,Aquaeon-88,Water,81,66,70,84,76,65,3,False,Uncommon,3.99
PKM-06-0208,Splashon-183,Water,66,74,87,41,87,67,6,False,Common,0.79
PKM-05-0209,Buzzwing-189,Bug,61,61,83,55,82,94,5,False,Common,1.13
PKM-09-0210,Shockwave-147,Electric,55,67,48,79,73,103,9,False,Uncommon,3.98
PKM-07-0211,Vinegor-179,Grass,70,58,64,68,87,54,7,False,Uncommon,2.71
PKM-07-0212,Standardix-50,Normal,93,63,60,63,70,68,7,False,Uncommon,3.53
PKM-03-0213,Glimmer-248,Fairy,74,57,73,85,76,77,3,False,Uncommon,3.81
PKM-05-0214,Fernix-291,Grass,60,54,77,80,67,71,5,False,Uncommon,2.34
PKM-05-0215,Galeforce-290,Flying,60,89,43,91,73,107,5,False,Common,1.34
PKM-01-0216,Leafeon-266,Grass,57,70,80,92,69,68,1,False,Common,1.27
PKM-09-0217,Mentalis-73,Psychic,66,59,51,93,88,81,9,False,Ultra Rare,28.57
PKM-01-0218,Petalia-273,Grass,89,70,65,86,85,75,1,False,Uncommon,2.96
PKM-09-0220,Quarryx-174,Rock,78,55,104,52,61,51,9,False,Rare,9.49
PKM-08-0221,Sparkeon-56,Electric,60,83,63,98,69,107,8,False,Rare,11.44
PKM-04-0222,Coralith-139,Water,72,74,58,91,75,69,4,False,Rare,7.9
PKM-03-0223,Thornax-38,Grass,95,72,114,122,98,113,3,True,Rare,58.8
PKM-05-0224,Blazeon-277,Fire,75,86,66,81,76,79,5,False,Ultra Rare,38.08
PKM-02-0225,Pixelia-213,Fairy,70,70,84,86,86,83,2,False,Common,1.36
PKM-04-0226,Zenith-141,Psychic,62,69,32,90,91,84,4,False,Common,1.16
PKM-03-0227,Chitinor-235,Bug,65,73,68,46,50,77,3,False,Common,0.74
PKM-02-0228,Shockwave-152,Electric,75,90,44,71,88,98,2,False,Common,1.49
PKM-08-0229,Tidalus-93,Water,74,70,65,77,71,65,8,False,Uncommon,3.71
PKM-02-0230,Leafeon-103,Grass,67,64,101,68,89,79,2,False,Common,1.14
PKM-07-0231,Blazeon-86,Fire,74,97,75,73,56,82,7,False,Rare,12.47
PKM-03-0232,Soilent-146,Ground,79,85,93,32,58,62,3,False,Uncommon,2.9
PKM-05-0233,Ethereon-3,Ghost,52,55,58,78,92,82,5,False,Uncommon,3.56
PKM-06-0234,Normaleon-159,Normal,80,76,57,65,69,84,6,False,Common,1.35
PKM-01-0235,Mantidor-211,Bug,74,76,60,50,62,79,1,False,Rare,10.01
PKM-08-0236,Mantidor-245,Bug,49,73,83,52,51,68,8,False,Uncommon,2.35
PKM-08-0237,Floravia-207,Grass,90,79,73,69,80,69,8,False,Common,1.25
PKM-06-0238,Serpentis-129,Dragon,97,91,62,82,90,89,6,False,Uncommon,3.44
PKM-09-0239,Swarmling-204,Bug,55,64,48,52,69,72,9,False,Rare,7.65
PKM-04-0240,Glimmer-187,Fairy,92,61,88,77,92,71,4,False,Rare,13.35
PKM-08-0241,Regulon-287,Normal,81,80,64,63,47,76,8,False,Ultra Rare,23.5
PKM-03-0242,Zephyrus-291,Flying,72,79,52,65,62,90,3,False,Rare,11.11
PKM-01-0243,Telekine-19,Psychic,87,50,46,89,92,81,1,False,Uncommon,4.62
PKM-09-0244,Zaptor-50,Electric,76,75,66,105,69,88,9,False,Uncommon,4.62
PKM-02-0245,Mystique-59,Fairy,85,73,62,80,102,91,2,False,Common,1.18
PKM-07-0246,Standardix-112,Normal,55,49,70,67,69,71,7,False,Uncommon,3.34
PKM-06-0248,Bedrock-256,Rock,77,80,106,58,73,50,6,False,Rare,7.22
PKM-09-0249,Poisona-11,Poison,66,88,69,62,68,67,9,False,Rare,8.96
PKM-01-0250,Noxion-110,Poison,57,80,55,62,78,90,1,False,Common,0.88
PKM-03-0251,Machamp-112,Fighting,81,93,73,49,80,67,3,False,Rare,8.45
PKM-05-0252,Mindora-106,Psychic,73,35,57,103,84,65,5,False,Common,1.24
PKM-03-0253,Grimora-48,Dark,57,75,85,72,67,77,3,False,Uncommon,4.44
PKM-04-0254,Tsunamon-132,Water,76,79,77,72,54,67,4,False,Uncommon,4.19
PKM-03-0255,Alloyus-206,Steel,66,87,100,81,109,82,3,False,Uncommon,5.14
PKM-01-0256,Antennix-205,Bug,52,61,51,57,50,67,1,False,Uncommon,2.63
PKM-07-0257,Avianix-229,Flying,85,72,59,57,84,75,7,False,Uncommon,4.52
PKM-02-0258,Mantidor-94,Bug,54,58,89,57,60,83,2,False,Common,1.01
PKM-04-0259,Scorchling-1,Fire,81,92,58,68,85,83,4,False,Common,1.67
PKM-05-0260,Tidalus-190,Water,85,63,63,81,91,71,5,False,Ultra Rare,38.13
PKM-06-0261,Snowflakix-200,Ice,67,82,63,79,75,77,6,False,Common,1.53
PKM-03-0262,Fernix-38,Grass,61,74,83,94,68,67,3,False,Uncommon,3.58
PKM-09-0263,Petalia-208,Grass,56,62,70,73,64,79,9,False,Common,0.92
PKM-01-0264,Karaton-73,Fighting,88,103,78,51,70,81,1,False,Ultra Rare,24.84
PKM-03-0265,Flamara-140,Fire,72,90,53,89,64,80,3,False,Common,1.12
PKM-06-0266,Psywave-294,Psychic,73,56,64,88,96,98,6,False,Rare,10.27
PKM-01-0267,Thundera-18,Electric,83,72,73,69,78,87,1,False,Common,0.99
PKM-05-0268,Emberix-73,Fire,76,87,73,95,66,89,5,False,Common,1.75
PKM-02-0269,Antennix-94,Bug,40,61,60,73,65,61,2,False,Rare,5.45
PKM-07-0270,Drakkari-99,Dragon,72,76,74,95,64,56,7,False,Common,1.43
PKM-07-0271,Vinegor-269,Grass,51,61,76,84,69,70,7,False,Common,1.04
PKM-09-0272,Psywave-249,Psychic,66,56,50,92,91,81,9,False,Common,1.29
PKM-03-0273,Magmoth-44,Fire,79,96,51,72,67,77,3,False,Common,1.15
PKM-03-0274,Enchanta-296,Fairy,78,56,69,79,74,78,3,False,Uncommon,3.52
PKM-08-0275,Basicus-103,Normal,88,84,79,59,84,73,8,False,Ultra Rare,31.94
PKM-07-0276,Standardix-122,Normal,71,67,65,80,49,65,7,False,Rare,8.1
PKM-08-0277,Mossling-106,Grass,69,69,66,92,85,75,8,False,Ultra Rare,40.58
PKM-09-0278,Cerebryx-76,Psychic,82,65,64,83,77,69,9,False,Rare,9.87
PKM-03-0279,Psywave-74,Psychic,61,52,48,98,81,74,3,False,Common,1.31
PKM-01-0280,Frosteon-243,Ice,71,74,63,80,68,85,1,False,Uncommon,2.62
PKM-05-0281,Steelgard-283,Steel,85,84,95,53,73,56,5,False,Common,1.02
PKM-01-0282,Zaptor-284,Electric,66,64,49,80,82,82,1,False,Common,1.36
PKM-06-0283,Antennix-275,Bug,53,63,70,52,76,78,6,False,Rare,6.97
PKM-07-0284,Astralith-45,Psychic,80,49,47,82,77,76,7,False,Common,0.81
PKM-01-0285,Luminara-50,Fairy,63,56,62,98,78,83,1,False,Rare,7.19
PKM-09-0286,Virusix-159,Poison,78,93,65,82,92,68,9,False,Common,1.32
PKM-08-0287,Astralith-245,Psychic,53,49,65,119,83,63,8,False,Common,1.15
PKM-07-0288,Fernix-280,Grass,62,65,69,77,64,66,7,False,Uncommon,2.17
PKM-06-0289,Karaton-42,Fighting,87,82,66,47,58,78,6,False,Ultra Rare,35.37
PKM-01-0290,Tidalus-201,Water,96,74,74,87,86,81,1,False,Uncommon,5.07
PKM-03-0291,Obsidian-12,Dark,63,88,69,73,82,81,3,False,Uncommon,2.98
PKM-08-0292,Mantidor-22,Bug,79,72,66,56,71,86,8,False,Rare,11.66
PKM-02-0293,Zaptor-149,Electric,77,87,71,77,50,102,2,False,Common,1.03
PKM-05-0294,Splashon-283,Water,100,63,71,77,67,62,5,False,Rare,6.79
PKM-05-0295,Shadowix-285,Dark,75,76,84,59,56,74,5,False,Rare,6.78
PKM-09-0296,Chargeon-54,Electric,77,73,47,79,86,85,9,False,Common,1.37
PKM-01-0297,Thundera-204,Electric,49,74,56,103,76,105,1,False,Common,1.53
PKM-02-0298,Chargeon-200,Electric,90,63,51,90,81,117,2,False,Uncommon,3.68
PKM-04-0299,Luminara-230,Fairy,86,87,95,120,111,118,4,True,Rare,63.3
PKM-09-0300,Eclipsor-118,Dark,81,86,58,85,78,58,9,False,Rare,11.55
PKM-07-0301,Boltund-164,Electric,55,69,58,100,85,109,7,False,Uncommon,4.03
PKM-06-0302,Psywave-210,Psychic,64,50,61,77,76,74,6,False,Uncommon,3.35
PKM-02-0303,Infernus-178,Fire,77,95,76,74,61,85,2,False,Uncommon,4.18
PKM-01-0304,Iciclon-251,Ice,94,61,70,94,97,70,1,False,Common,17.1
PKM-01-0305,Buzzwing-87,Bug,50,53,77,59,35,65,1,False,Common,0.9
PKM-07-0306,Scorchling-155,Fire,83,81,45,88,67,85,7,False,Rare,7.67
PKM-07-0307,Tidalus-95,Water,89,74,57,85,82,83,7,False,Common,1.61
PKM-03-0308,Luminara-167,Fairy,61,65,81,104,104,80,3,False,Rare,11.97
PKM-04-0309,Mossling-266,Grass,65,52,73,74,45,90,4,False,Uncommon,2.78
PKM-01-0310,Quarryx-136,Rock,91,98,96,70,76,41,1,False,Common,1.48
PKM-07-0312,Aquaeon-232,Water,94,88,80,75,79,59,7,False,Common,1.1
PKM-05-0313,Emberix-175,Fire,66,71,70,76,65,90,5,False,Uncommon,3.35
PKM-07-0314,Mentalis-76,Psychic,64,70,72,97,88,82,7,False,Ultra Rare,25.11
PKM-05-0315,Regulon-126,Normal,76,70,68,56,54,67,5,False,Common,0.76
PKM-09-0316,Skyeon-134,Flying,83,63,33,64,76,72,9,False,Rare,7.99
PKM-05-0317,Tidalus-88,Water,97,63,58,79,86,87,5,False,Uncommon,4.77
PKM-01-0318,Regulon-246,Normal,93,55,46,66,64,67,1,False,Uncommon,2.5
PKM-09-0319,Typicus-225,Normal,77,62,43,76,74,70,9,False,Common,0.83
PKM-08-0320,Flamara-221,Fire,72,98,68,81,57,87,8,False,Rare,9.06
PKM-05-0321,Thornax-21,Grass,89,52,75,67,68,60,5,False,Common,0.99
PKM-06-0322,Phantomix-154,Ghost,88,55,72,96,65,95,6,False,Common,1.66
PKM-02-0323,Ignithor-298,Fire,75,96,53,87,77,92,2,False,Common,1.24
PKM-05-0324,Zenith-157,Psychic,80,47,67,105,84,84,5,False,Common,1.04
PKM-02-0325,Glimmer-195,Fairy,68,42,82,92,84,60,2,False,Rare,7.86
PKM-05-0328,Plainix-115,Normal,71,68,56,63,54,77,5,False,Common,1.2
PKM-07-0329,Diglett-157,Ground,88,96,90,51,62,78,7,False,Common,1.6
PKM-05-0330,Mentalis-63,Psychic,70,73,51,117,88,83,5,False,Common,1.59
PKM-06-0331,Tsunamon-95,Water,88,76,72,65,80,71,6,False,Rare,10.87
PKM-03-0332,Petalia-189,Grass,74,65,60,66,77,48,3,False,Common,0.92
PKM-01-0333,Soilent-209,Ground,90,83,62,76,77,56,1,False,Uncommon,4.53
PKM-02-0334,Cragmon-130,Rock,77,85,86,70,70,61,2,False,Uncommon,2.62
PKM-08-0335,Mentalis-265,Psychic,76,83,68,89,93,89,8,False,Uncommon,5.48
PKM-03-0336,Regulon-82,Normal,76,67,55,72,67,71,3,False,Common,0.8
PKM-05-0337,Petalia-18,Grass,86,61,84,85,78,74,5,False,Rare,11.82
PKM-07-0338,Flamara-106,Fire,75,121,92,111,109,110,7,True,Uncommon,16.18
PKM-09-0339,Nyxara-179,Dark,61,86,63,73,63,67,9,False,Rare,8.21
PKM-04-0340,Toxeon-31,Poison,82,65,79,79,72,79,4,False,Rare,8.91
PKM-01-0341,Boltund-198,Electric,70,65,62,87,70,91,1,False,Common,1.42
PKM-08-0342,Galeforce-181,Flying,60,64,46,53,52,91,8,False,Ultra Rare,23.13
PKM-07-0343,Coralith-129,Water,86,58,72,67,74,69,7,False,Common,0.98
PKM-01-0344,Avianix-55,Flying,75,73,64,64,78,84,1,False,Ultra Rare,26.94
PKM-09-0345,Chromax-71,Steel,72,88,82,53,70,73,9,False,Common,0.94
PKM-01-0346,Metallix-115,Steel,62,69,106,81,75,74,1,False,Rare,12.76
PKM-02-0347,Floravia-114,Grass,66,73,63,91,76,64,2,False,Uncommon,2.95
PKM-03-0348,Psywave-216,Psychic,59,54,64,92,91,71,3,False,Common,1.19
PKM-02-0349,Soilent-212,Ground,77,90,98,48,68,58,2,False,Uncommon,4.1
PKM-02-0350,Chromax-247,Steel,99,110,100,74,113,89,2,True,Rare,45.9
PKM-07-0351,Voltix-184,Electric,57,50,56,100,83,102,7,False,Ultra Rare,36.67
PKM-03-0352,Bedrock-144,Rock,91,76,108,45,80,47,3,False,Common,1.27
PKM-04-0353,Mossling-68,Grass,61,39,75,89,64,78,4,False,Common,1.0
PKM-01-0354,Aquaeon-87,Water,126,76,103,119,115,83,1,True,Common,6.71
PKM-05-0355,Plainix-44,Normal,76,71,75,59,48,85,5,False,Rare,8.15
PKM-01-0356,Bedrock-135,Rock,71,83,82,57,78,73,1,False,Common,1.32
PKM-03-0357,Vinegor-106,Grass,83,116,101,119,92,99,3,True,Common,5.42
PKM-02-0358,Nightshade-85,Dark,78,85,73,76,75,94,2,False,Uncommon,3.44
PKM-04-0359,Luminara-250,Fairy,77,39,75,79,109,67,4,False,Uncommon,3.55
PKM-09-0360,Petalia-135,Grass,80,55,76,81,83,65,9,False,Uncommon,2.61
PKM-03-0361,Magmoth-200,Fire,64,79,61,62,84,83,3,False,Uncommon,4.02
PKM-02-0362,Bruison-180,Fighting,81,94,84,48,50,56,2,False,Rare,7.92
PKM-02-0363,Typicus-229,Normal,74,64,81,83,52,58,2,False,Uncommon,2.43
PKM-09-0364,Mentalis-218,Psychic,72,65,49,104,77,101,9,False,Common,1.33
PKM-09-0365,Mantidor-18,Bug,62,77,48,57,69,70,9,False,Common,0.95
PKM-09-0366,Eclipsor-258,Dark,95,128,87,107,73,110,9,True,Common,6.79
PKM-04-0367,Mossling-40,Grass,53,57,64,83,62,64,4,False,Common,1.02
PKM-02-0368,Skyeon-219,Flying,66,79,58,73,59,99,2,False,Secret Rare,82.52
PKM-04-0369,Telekine-244,Psychic,111,68,64,149,113,111,4,True,Common,5.61
PKM-02-0370,Normaleon-143,Normal,73,70,49,57,78,78,2,False,Rare,10.54
PKM-08-0371,Mentalis-63,Psychic,57,63,57,120,81,74,8,False,Rare,8.82
PKM-03-0372,Frozeon-218,Ice,77,85,76,73,72,70,3,False,Common,1.33
PKM-07-0373,Mossling-168,Grass,71,45,73,91,80,48,7,False,Ultra Rare,29.39
PKM-04-0374,Striker-214,Fighting,87,99,76,53,59,70,4,False,Ultra Rare,22.49
PKM-04-0375,Ethereon-45,Ghost,62,67,69,77,59,83,4,False,Common,0.87
PKM-09-0376,Sparkeon-297,Electric,83,66,62,84,61,89,9,False,Ultra Rare,22.16
PKM-04-0377,Emberix-296,Fire,70,84,68,82,82,60,4,False,Rare,9.7
PKM-03-0378,Telekine-92,Psychic,39,60,62,84,75,70,3,False,Rare,7.17
PKM-01-0379,Poisona-153,Poison,74,46,61,63,67,69,1,False,Common,1.15
PKM-08-0380,Skyeon-275,Flying,66,75,56,53,75,99,8,False,Common,1.45
PKM-03-0381,Boltund-197,Electric,64,68,56,83,72,88,3,False,Uncommon,2.7
PKM-08-0382,Bedrock-252,Rock,103,76,119,97,87,83,8,True,Rare,50.39
PKM-02-0383,Thornax-146,Grass,79,78,71,85,82,69,2,False,Common,1.45
PKM-05-0384,Psywave-200,Psychic,62,42,41,89,104,82,5,False,Common,0.95
PKM-03-0385,Normaleon-135,Normal,99,64,72,78,67,62,3,True,Common,3.8
PKM-06-0386,Acidius-119,Poison,69,72,86,66,66,87,6,False,Common,1.09
PKM-01-0387,Avianix-176,Flying,62,66,50,79,72,99,1,False,Uncommon,2.41
PKM-08-0388,Grimora-259,Dark,56,79,61,88,65,63,8,False,Common,0.8
PKM-02-0389,Normaleon-258,Normal,74,68,77,54,57,80,2,False,Common,1.25
PKM-06-0390,Amperix-13,Electric,71,58,67,91,74,88,6,False,Uncommon,3.89
PKM-05-0391,Mossling-117,Grass,89,75,68,80,74,54,5,False,Uncommon,3.19
PKM-02-0392,Aquaeon-199,Water,80,51,69,66,65,79,2,False,Uncommon,3.91
PKM-04-0393,Ironix-52,Steel,106,98,138,79,86,80,4,True,Uncommon,14.96
PKM-01-0394,Karaton-163,Fighting,110,80,57,58,63,83,1,False,Secret Rare,97.57
PKM-05-0395,Plainix-128,Normal,84,68,61,55,69,39,5,False,Uncommon,2.75
PKM-04-0396,Zephyrus-3,Flying,74,88,42,59,72,93,4,False,Rare,9.2
PKM-07-0397,Duskull-191,Dark,85,80,66,93,68,73,7,False,Common,1.3
PKM-04-0398,Frosteon-177,Ice,80,82,54,91,73,70,4,False,Uncommon,4.13
PKM-06-0399,Splashon-208,Water,76,69,84,80,75,54,6,False,Common,1.43
PKM-02-0400,Diglett-200,Ground,77,96,90,34,67,56,2,False,Common,1.15
PKM-01-0401,Tsunamon-232,Water,85,59,73,72,79,74,1,False,Common,1.04
PKM-08-0402,Stonegar-164,Rock,84,69,105,52,68,56,8,False,Rare,9.43
PKM-02-0405,Frozeon-271,Ice,83,91,56,90,53,63,2,False,Common,1.52
PKM-05-0406,Thundera-39,Electric,62,73,66,92,76,94,5,False,Common,1.45
PKM-01-0407,Voltix-217,Electric,88,96,58,80,86,91,1,False,Common,1.8
PKM-02-0408,Drakeon-169,Dragon,72,83,77,72,68,85,2,False,Common,1.23
PKM-04-0409,Voltix-99,Electric,80,89,75,130,102,122,4,True,Common,7.11
PKM-01-0410,Fistina-106,Fighting,86,94,65,72,61,81,1,False,Uncommon,2.73
PKM-02-0412,Tidalus-112,Water,93,57,89,75,74,67,2,False,Common,1.1
PKM-03-0413,Wraith-3,Ghost,53,88,54,93,77,75,3,False,Common,1.51
PKM-06-0414,Nyxara-171,Dark,87,77,59,75,53,86,6,False,Rare,6.83
PKM-03-0416,Mystique-30,Fairy,62,60,67,95,84,79,3,False,Common,0.87
PKM-04-0417,Flamara-167,Fire,68,89,61,85,69,86,4,False,Uncommon,3.12
PKM-05-0418,Boltund-22,Electric,58,70,57,91,72,100,5,False,Uncommon,3.74
PKM-08-0419,Combatix-166,Fighting,87,109,76,44,54,44,8,False,Common,1.35
PKM-01-0420,Pixelia-141,Fairy,61,58,67,83,101,73,1,False,Rare,12.25
PKM-01-0421,Aerion-247,Flying,76,58,64,59,73,80,1,False,Common,1.22
PKM-01-0422,Fairyeon-293,Fairy,89,53,59,91,82,65,1,False,Uncommon,3.39
PKM-09-0423,Petalia-243,Grass,79,70,73,78,80,82,9,False,Common,0.95
PKM-07-0424,Ironix-283,Steel,68,85,94,80,89,65,7,False,Common,1.15
PKM-09-0425,Haunter-216,Ghost,67,69,62,117,83,74,9,False,Rare,7.71
PKM-09-0426,Emberix-20,Fire,67,84,65,99,69,100,9,False,Uncommon,3.36
PKM-05-0427,Pixelia-291,Fairy,67,60,56,92,95,79,5,False,Common,1.6
PKM-01-0428,Nightshade-212,Dark,66,85,81,72,67,75,1,False,Uncommon,4.52
PKM-05-0429,Wavern-15,Water,91,57,82,65,82,80,5,False,Rare,7.98
PKM-07-0430,Astralith-79,Psychic,83,55,60,102,85,86,7,False,Common,1.27
PKM-04-0431,Geolith-289,Rock,71,91,93,39,59,59,4,False,Uncommon,3.74
PKM-02-0432,Fistina-11,Fighting,80,89,51,46,64,73,2,False,Common,1.0
PKM-09-0433,Dragonite-273,Dragon,84,76,89,75,82,79,9,False,Common,1.2
PKM-09-0434,Fistina-226,Fighting,69,118,75,59,69,70,9,False,Common,1.24
PKM-04-0435,Marinox-256,Water,100,75,73,74,49,65,4,False,Common,0.85
PKM-01-0436,Averagon-267,Normal,80,76,45,65,60,62,1,False,Uncommon,2.61
PKM-01-0437,Hivelix-244,Bug,66,68,76,60,38,69,1,False,Uncommon,2.03
PKM-04-0438,Gaiax-202,Ground,85,86,96,78,73,69,4,False,Rare,8.97
PKM-02-0439,Ethereon-69,Ghost,64,53,61,84,76,79,2,False,Common,0.79
PKM-05-0440,Pebblor-12,Rock,68,69,81,64,68,64,5,False,Uncommon,2.51
PKM-07-0441,Tsunamon-203,Water,75,73,76,79,62,71,7,False,Uncommon,4.11
PKM-07-0442,Frozeon-106,Ice,78,81,62,74,101,83,7,False,Uncommon,2.97
PKM-07-0443,Hivelix-53,Bug,54,83,73,56,47,77,7,False,Common,0.88
PKM-08-0444,Cragmon-189,Rock,68,73,95,77,63,51,8,False,Uncommon,2.77
PKM-08-0445,Infernus-27,Fire,74,82,86,88,79,89,8,False,Common,1.24
PKM-09-0446,Wavern-258,Water,92,67,76,79,74,89,9,False,Rare,13.31
PKM-03-0448,Tsunamon-242,Water,83,73,68,72,70,81,3,False,Uncommon,4.33
PKM-03-0449,Karaton-219,Fighting,90,98,69,60,55,86,3,False,Uncommon,3.5
PKM-01-0450,Thornax-248,Grass,60,78,73,72,94,63,1,False,Uncommon,3.2
PKM-09-0451,Standardix-118,Normal,69,54,79,60,67,77,9,False,Rare,6.29
PKM-07-0452,Faewyn-22,Fairy,91,52,74,79,70,55,7,False,Uncommon,4.22
PKM-08-0453,Blizzara-145,Ice,96,81,72,73,75,98,8,False,Common,1.09
PKM-05-0454,Cryonus-153,Ice,77,84,60,80,72,58,5,False,Uncommon,3.73
PKM-05-0455,Drakkari-52,Dragon,93,100,59,84,91,83,5,False,Rare,13.77
PKM-01-0456,Muddor-166,Ground,63,77,77,61,59,54,1,False,Common,0.74
PKM-06-0457,Amperix-224,Electric,70,66,56,81,61,96,6,False,Rare,10.47
PKM-02-0458,Zenith-184,Psychic,61,54,75,105,89,78,2,False,Rare,12.83
PKM-06-0459,Standardix-39,Normal,63,89,72,49,64,64,6,False,Rare,8.53
PKM-06-0460,Blazeon-44,Fire,82,88,64,86,77,89,6,False,Rare,10.46
PKM-02-0461,Vinegor-190,Grass,82,72,82,102,83,79,2,False,Ultra Rare,40.42
PKM-01-0462,Chargeon-180,Electric,66,51,67,105,62,78,1,False,Uncommon,2.68
PKM-01-0463,Soarling-234,Flying,63,81,59,61,70,96,1,False,Common,1.44
PKM-07-0464,Pebblor-290,Rock,75,94,100,55,70,49,7,False,Uncommon,3.01
PKM-09-0465,Antennix-124,Bug,55,80,66,66,67,63,9,False,Common,1.21
PKM-07-0466,Fistina-61,Fighting,79,77,71,41,53,75,7,False,Uncommon,2.84
PKM-01-0467,Sparkeon-206,Electric,69,52,62,99,55,111,1,False,Uncommon,4.11
PKM-06-0468,Mossling-89,Grass,73,81,62,78,77,70,6,False,Rare,11.52
PKM-04-0469,Ignithor-66,Fire,71,87,55,97,63,84,4,False,Common,1.05
PKM-03-0470,Hivelix-94,Bug,67,67,63,64,66,75,3,False,Uncommon,2.51
PKM-07-0471,Duskull-216,Dark,68,90,71,67,71,75,7,False,Uncommon,3.7
PKM-02-0472,Luminara-176,Fairy,96,63,77,92,87,69,2,False,Uncommon,4.88
PKM-09-0473,Bruison-184,Fighting,86,92,62,51,80,71,9,False,Rare,11.39
PKM-03-0474,Duskull-92,Dark,78,91,65,83,64,73,3,False,Rare,9.66
PKM-03-0475,Fernix-257,Grass,65,77,68,89,87,65,3,False,Common,1.09
PKM-07-0476,Faewyn-208,Fairy,81,91,113,153,103,111,7,True,Rare,66.1
PKM-03-0477,Zaptor-285,Electric,66,95,71,131,109,137,3,True,Uncommon,19.56
PKM-02-0479,Sparkeon-299,Electric,54,78,84,81,83,98,2,False,Uncommon,2.96
PKM-01-0480,Scaledor-202,Dragon,75,85,86,85,81,75,1,False,Rare,13.97
PKM-01-0481,Brawlix-105,Fighting,80,84,57,53,57,74,1,False,Secret Rare,108.54
PKM-05-0482,Metallix-14,Steel,94,84,85,54,98,60,5,False,Common,1.0
PKM-01-0483,Chromax-10,Steel,68,75,101,29,96,50,1,False,Rare,10.73
PKM-05-0484,Avianix-266,Flying,61,58,56,50,58,87,5,False,Rare,6.91
PKM-04-0485,Ignithor-287,Fire,77,97,66,75,70,98,4,False,Common,1.04
PKM-07-0486,Duskull-290,Dark,81,79,64,68,60,96,7,False,Ultra Rare,39.03
PKM-08-0487,Tidalus-147,Water,98,54,61,53,73,71,8,False,Uncommon,2.63
PKM-01-0488,Soarling-153,Flying,72,82,41,73,53,86,1,False,Ultra Rare,27.09
PKM-05-0489,Zephyrus-297,Flying,56,74,78,68,65,82,5,False,Uncommon,4.06
PKM-08-0490,Ignithor-253,Fire,43,99,70,86,59,84,8,False,Ultra Rare,23.17
PKM-06-0491,Swarmling-220,Bug,73,76,58,67,68,68,6,False,Uncommon,2.92
PKM-09-0492,Diglett-175,Ground,93,78,88,75,63,61,9,False,Common,1.56
PKM-03-0493,Terranix-77,Ground,86,89,86,76,58,59,3,False,Uncommon,3.97
PKM-05-0494,Astralith-84,Psychic,68,51,53,102,94,79,5,False,Rare,10.72
PKM-04-0495,Astralith-289,Psychic,67,65,66,97,82,91,4,False,Common,1.03
PKM-08-0496,Pyroar-75,Fire,70,73,56,76,71,105,8,False,Uncommon,4.26
PKM-08-0497,Boltund-8,Electric,62,68,61,97,76,97,8,False,Common,1.18
PKM-07-0498,Chromax-83,Steel,57,64,87,58,92,53,7,False,Common,0.92
PKM-02-0499,Floravia-52,Grass,77,56,83,75,67,86,2,False,Uncommon,2.73
PKM-01-0500,Normaleon-10,Normal,112,74,104,85,96,71,1,True,Uncommon,15.44
PKM-06-0501,Magmoth-177,Fire,71,88,77,78,66,66,6,False,Ultra Rare,26.56
PKM-04-0503,Mysticor-23,Psychic,63,56,46,95,104,90,4,False,Common,1.31
PKM-04-0504,Commonus-194,Normal,86,85,59,62,57,73,4,False,Common,1.01
PKM-02-0505,Ironix-70,Steel,96,114,125,86,111,95,2,True,Rare,58.01
PKM-04-0506,Frozeon-239,Ice,76,70,73,81,75,64,4,False,Uncommon,4.4
PKM-02-0507,Astralith-242,Psychic,89,50,59,82,91,83,2,False,Uncommon,4.1
PKM-01-0508,Luminara-180,Fairy,76,55,78,87,81,75,1,False,Common,1.11
PKM-07-0509,Faewyn-78,Fairy,54,60,60,95,87,76,7,False,Common,1.41
PKM-05-0510,Grimora-198,Dark,66,94,80,69,62,77,5,False,Uncommon,4.75
PKM-03-0511,Enchanta-44,Fairy,70,52,41,66,76,73,3,False,Uncommon,2.1
PKM-07-0512,Leafeon-189,Grass,71,66,66,72,57,67,7,False,Ultra Rare,28.37
PKM-08-0513,Sparklix-286,Fairy,46,55,65,99,93,79,8,False,Rare,7.22
PKM-05-0514,Tsunamon-110,Water,137,59,103,118,79,107,5,True,Common,6.27
PKM-08-0515,Pyroar-60,Fire,79,77,70,73,70,81,8,False,Rare,11.17
PKM-04-0516,Phantomix-4,Ghost,69,67,65,65,70,102,4,False,Common,1.02
PKM-07-0517,Thornax-293,Grass,87,69,68,104,103,93,7,True,Uncommon,15.82
PKM-03-0518,Pyroar-257,Fire,75,95,67,82,50,91,3,False,Uncommon,4.98
PKM-05-0519,Scaledor-49,Dragon,72,103,65,94,94,73,5,False,Common,1.12
PKM-03-0520,Sproutling-46,Grass,85,61,65,82,83,66,3,False,Rare,8.13
PKM-07-0521,Alloyus-74,Steel,58,87,96,56,71,62,7,False,Uncommon,2.53
PKM-02-0523,Serpentis-228,Dragon,100,129,122,130,96,101,2,True,Uncommon,23.51
PKM-02-0524,Psywave-189,Psychic,73,48,41,96,67,73,2,False,Common,0.85
PKM-06-0525,Wavern-54,Water,103,75,68,72,98,60,6,False,Common,0.99
PKM-01-0526,Haunter-123,Ghost,74,55,58,73,101,86,1,False,Uncommon,3.73
PKM-01-0527,Duskull-45,Dark,82,79,99,65,60,74,1,False,Common,0.97
PKM-03-0528,Regulon-116,Normal,52,64,61,58,77,82,3,False,Common,0.85
PKM-01-0529,Striker-67,Fighting,73,88,63,46,58,77,1,False,Common,0.8
PKM-05-0530,Faewyn-277,Fairy,70,64,68,94,89,95,5,False,Common,1.06
PKM-03-0531,Shockwave-278,Electric,72,67,46,75,81,91,3,False,Secret Rare,126.49
PKM-06-0533,Bruison-248,Fighting,81,99,68,50,48,64,6,False,Uncommon,3.28
PKM-08-0534,Pebblor-125,Rock,80,99,96,49,73,61,8,False,Common,1.16
PKM-09-0535,Chromax-248,Steel,72,71,89,73,92,53,9,False,Ultra Rare,22.93
PKM-03-0537,Normaleon-281,Normal,76,70,57,73,70,78,3,False,Rare,11.36
PKM-05-0538,Telekine-121,Psychic,70,41,73,96,93,92,5,False,Uncommon,3.05
PKM-08-0539,Basicus-57,Normal,81,48,69,58,81,76,8,False,Uncommon,3.99
PKM-01-0540,Normaleon-283,Normal,94,73,80,59,57,70,1,False,Uncommon,2.85
PKM-01-0541,Granitus-136,Rock,84,67,98,47,72,61,1,False,Rare,10.1
PKM-02-0542,Wavern-160,Water,70,64,55,69,90,68,2,False,Uncommon,3.37
PKM-06-0543,Marinox-210,Water,87,73,99,72,76,71,6,False,Uncommon,3.74
PKM-04-0544,Ferrous-41,Steel,69,101,135,74,93,82,4,True,Common,4.74
PKM-01-0545,Forgeron-136,Steel,78,88,104,77,107,56,1,False,Common,1.12
PKM-04-0547,Sludgor-77,Poison,72,73,72,62,86,78,4,False,Uncommon,3.64
PKM-06-0548,Sproutling-220,Grass,66,70,81,81,66,87,6,False,Common,1.4
PKM-07-0549,Thundera-87,Electric,60,68,60,85,72,110,7,False,Common,1.54
PKM-04-0550,Magmoth-165,Fire,79,76,68,70,68,78,4,False,Common,0.96
PKM-01-0551,Tsunamon-75,Water,86,88,69,79,78,74,1,False,Uncommon,3.65
PKM-06-0552,Soilent-270,Ground,84,75,87,51,59,59,6,False,Uncommon,2.28
PKM-07-0553,Iciclon-294,Ice,83,66,70,76,73,76,7,False,Common,1.3
PKM-06-0554,Aquaeon-288,Water,90,74,61,87,91,69,6,False,Common,12.0
PKM-05-0555,Cryonus-163,Ice,82,73,50,88,61,83,5,False,Common,1.04
PKM-06-0556,Cerebryx-33,Psychic,88,46,52,86,92,84,6,False,Rare,8.47
PKM-01-0557,Blazeon-217,Fire,75,69,66,88,57,69,1,False,Common,1.06
PKM-09-0558,Regulon-121,Normal,60,53,66,62,65,64,9,False,Uncommon,2.8
PKM-04-0559,Leafeon-291,Grass,62,63,88,78,86,73,4,False,Ultra Rare,31.14
PKM-06-0560,Tsunamon-60,Water,84,51,57,59,74,66,6,False,Common,0.78
PKM-05-0561,Scorchling-220,Fire,82,94,89,122,125,123,5,True,Common,6.08
PKM-04-0562,Pixelia-216,Fairy,69,65,53,75,79,71,4,False,Common,1.06
PKM-08-0563,Mantidor-21,Bug,61,79,57,46,55,87,8,False,Uncommon,2.76
PKM-01-0564,Terranix-49,Ground,87,73,102,44,56,65,1,False,Uncommon,2.55
PKM-04-0566,Obsidian-240,Dark,82,87,66,64,73,70,4,False,Uncommon,4.13
PKM-01-0567,Soarling-38,Flying,70,84,69,74,61,97,1,False,Common,0.99
PKM-02-0568,Karaton-29,Fighting,121,125,76,68,89,104,2,True,Uncommon,19.63
PKM-06-0569,Basicus-32,Normal,89,66,62,79,70,74,6,False,Common,1.31
PKM-01-0571,Wraith-260,Ghost,61,81,35,90,84,78,1,False,Common,0.99
PKM-03-0572,Plainix-29,Normal,91,66,71,70,66,63,3,False,Common,1.05
PKM-07-0573,Swarmling-10,Bug,53,70,71,54,67,81,7,False,Rare,6.76
PKM-01-0574,Bruison-32,Fighting,82,101,63,62,69,64,1,False,Rare,86.4
PKM-03-0575,Quarryx-105,Rock,69,85,89,56,71,56,3,False,Common,1.02
PKM-02-0577,Telekine-208,Psychic,73,39,56,86,83,87,2,False,Rare,10.29
PKM-07-0578,Aquaeon-72,Water,84,75,80,63,72,73,7,False,Common,1.45
PKM-06-0579,Blazeon-112,Fire,83,70,68,71,66,90,6,False,Uncommon,4.34
PKM-06-0580,Forgeron-253,Steel,70,85,88,61,94,73,6,False,Ultra Rare,31.31
PKM-09-0581,Soarling-89,Flying,77,63,60,69,68,83,9,False,Common,1.1
PKM-05-0582,Granitus-226,Rock,93,79,110,72,68,47,5,False,Common,1.47
PKM-01-0583,Frozeon-281,Ice,70,82,50,81,62,62,1,False,Secret Rare,73.67
PKM-02-0584,Hydrox-200,Water,73,79,68,76,76,57,2,False,Uncommon,4.34
PKM-01-0585,Zenith-217,Psychic,61,50,65,88,85,76,1,False,Uncommon,3.13
PKM-03-0586,Nightshade-58,Dark,70,89,62,62,72,68,3,False,Uncommon,4.3
PKM-03-0587,Hivelix-121,Bug,70,89,63,68,98,82,3,True,Uncommon,13.83
PKM-06-0588,Striker-291,Fighting,67,112,65,56,65,77,6,False,Uncommon,4.27
PKM-01-0589,Pyroar-211,Fire,88,69,54,92,75,110,1,False,Common,1.65
PKM-01-0590,Eclipsor-265,Dark,80,90,76,78,49,62,1,False,Uncommon,4.13
PKM-07-0591,Splashon-168,Water,75,76,74,70,63,70,7,False,Uncommon,2.65
PKM-07-0592,Steelgard-195,Steel,70,80,104,68,77,58,7,False,Rare,8.26
PKM-03-0593,Blazeon-94,Fire,81,74,70,97,67,72,3,False,Common,1.01
PKM-02-0594,Draconus-57,Dragon,73,92,85,84,79,97,2,False,Common,1.79
PKM-04-0595,Haunter-249,Ghost,65,72,57,69,90,86,4,False,Common,1.14
PKM-02-0596,Antennix-286,Bug,68,92,46,52,60,57,2,False,Uncommon,2.09
PKM-01-0597,Voltix-222,Electric,83,76,49,100,75,94,1,False,Common,1.61
PKM-01-0598,Galeforce-168,Flying,81,73,59,76,66,97,1,False,Rare,10.31
PKM-02-0599,Brawlix-38,Fighting,76,133,89,78,95,90,2,True,Common,5.02
PKM-03-0600,Combatix-168,Fighting,72,91,73,36,61,74,3,False,Uncommon,3.37
PKM-06-0601,Psywave-234,Psychic,75,45,71,97,87,76,6,False,Common,1.39
PKM-09-0602,Coralith-15,Water,72,85,73,77,88,63,9,False,Uncommon,5.02
PKM-03-0603,Thornax-18,Grass,72,69,77,100,69,74,3,False,Uncommon,3.66
PKM-03-0604,Striker-172,Fighting,83,89,65,57,56,56,3,False,Common,0.81
PKM-05-0605,Magmoth-246,Fire,75,77,62,84,75,74,5,False,Rare,11.32
PKM-09-0606,Plainix-99,Normal,86,68,42,51,62,58,9,False,Common,0.85
PKM-06-0607,Magmoth-25,Fire,89,87,45,84,80,84,6,False,Uncommon,4.24
PKM-03-0608,Glimmer-52,Fairy,79,63,68,88,90,76,3,False,Rare,9.65
PKM-03-0609,Voltix-181,Electric,75,76,55,87,50,93,3,False,Common,0.97
PKM-02-0610,Zephyrus-195,Flying,81,62,50,63,60,81,2,False,Uncommon,2.26
PKM-07-0611,Blazeon-15,Fire,84,89,64,79,72,89,7,False,Rare,11.36
PKM-06-0612,Nightshade-181,Dark,82,89,68,63,86,71,6,False,Common,1.1
PKM-08-0613,Pixelia-258,Fairy,72,56,70,71,74,82,8,False,Rare,10.96
PKM-02-0614,Leafeon-166,Grass,53,58,80,85,97,60,2,False,Uncommon,3.71
PKM-02-0615,Phantomix-98,Ghost,69,67,43,101,87,91,2,False,Uncommon,4.94
PKM-04-0616,Duskull-144,Dark,74,91,74,64,70,64,4,False,Common,1.22
PKM-05-0617,Blazeon-156,Fire,83,82,62,89,62,102,5,False,Common,1.52
PKM-01-0618,Voltix-130,Electric,65,66,64,91,62,119,1,False,Uncommon,4.18
PKM-02-0619,Cryonus-108,Ice,91,75,57,80,83,81,2,False,Rare,9.33
PKM-08-0620,Pixelia-44,Fairy,82,63,50,84,82,82,8,False,Uncommon,3.4
PKM-02-0621,Bedrock-188,Rock,63,77,95,73,47,44,2,False,Rare,6.15
PKM-02-0623,Chitinor-120,Bug,54,85,59,58,53,82,2,False,Rare,6.49
PKM-02-0624,Ironix-47,Steel,81,94,96,107,104,98,2,True,Common,4.48
PKM-05-0625,Bedrock-279,Rock,92,79,97,53,79,47,5,False,Common,1.19
PKM-01-0626,Telekine-221,Psychic,62,63,62,94,93,84,1,False,Common,1.22
PKM-02-0627,Swarmling-71,Bug,55,79,77,64,42,85,2,False,Common,1.06
PKM-01-0628,Chargeon-215,Electric,61,77,46,101,55,88,1,False,Common,1.03
PKM-09-0629,Zenith-104,Psychic,81,57,64,91,86,85,9,False,Rare,10.17
PKM-01-0630,Blazeon-88,Fire,64,84,84,91,83,85,1,False,Ultra Rare,44.25
PKM-03-0631,Steelgard-28,Steel,56,93,92,58,72,54,3,False,Common,1.18
PKM-07-0632,Combatix-230,Fighting,78,88,57,46,53,71,7,False,Common,1.17
PKM-01-0633,Voltix-87,Electric,44,73,55,80,69,93,1,False,Uncommon,3.27
PKM-01-0634,Eartheon-258,Ground,77,87,85,58,59,63,1,False,Uncommon,4.18
PKM-06-0635,Stonegar-87,Rock,86,82,86,57,91,49,6,False,Uncommon,2.88
PKM-01-0636,Petalia-104,Grass,83,58,84,74,66,62,1,False,Common,1.36
PKM-03-0637,Noxion-280,Poison,69,82,55,78,81,68,3,False,Uncommon,2.95
PKM-07-0638,Pixelia-137,Fairy,79,76,54,91,88,67,7,False,Uncommon,3.95
PKM-03-0639,Thundera-201,Electric,77,83,57,90,60,109,3,False,Rare,13.97
PKM-02-0640,Ethereon-132,Ghost,46,67,47,85,92,86,2,False,Uncommon,3.22
PKM-05-0641,Sparklix-69,Fairy,58,66,63,82,77,83,5,False,Common,1.4
PKM-03-0642,Machamp-248,Fighting,61,85,60,63,63,87,3,False,Common,1.24
PKM-02-0643,Coralith-264,Water,66,52,92,65,110,51,2,False,Rare,9.06
PKM-01-0644,Virusix-168,Poison,75,75,66,80,63,68,1,False,Ultra Rare,35.57
PKM-04-0645,Cragmon-194,Rock,78,78,104,56,76,37,4,False,Rare,7.0
PKM-04-0646,Faewyn-255,Fairy,76,63,77,91,86,90,4,False,Rare,12.91
PKM-01-0647,Ferrous-128,Steel,79,82,93,54,100,61,1,False,Rare,10.91
PKM-03-0648,Coralith-65,Water,82,41,84,64,73,77,3,False,Common,0.8
PKM-05-0649,Chromax-108,Steel,64,65,104,63,91,76,5,False,Uncommon,4.39
PKM-06-0650,Zephyrus-138,Flying,72,89,47,81,88,86,6,False,Common,1.24
PKM-06-0651,Vinegor-95,Grass,62,65,79,85,79,58,6,False,Ultra Rare,33.94
PKM-02-0652,Pixelia-124,Fairy,83,58,82,91,94,73,2,False,Common,1.68
PKM-06-0654,Astralith-120,Psychic,70,73,59,101,79,104,6,False,Common,1.85
PKM-07-0655,Pyroar-10,Fire,71,84,69,59,78,109,7,False,Uncommon,3.48
PKM-08-0656,Sandstor-219,Ground,78,102,101,51,64,59,8,False,Ultra Rare,24.24
PKM-06-0657,Grimora-47,Dark,75,103,69,83,56,77,6,False,Uncommon,3.48
PKM-03-0658,Infernus-30,Fire,63,77,69,74,68,74,3,False,Uncommon,3.39
PKM-01-0659,Averagon-176,Normal,67,65,54,53,85,72,1,False,Uncommon,2.73
PKM-05-0660,Typicus-38,Normal,79,74,77,81,87,64,5,False,Common,1.54
PKM-04-0661,Zephyrus-69,Flying,72,78,59,52,65,102,4,False,Uncommon,3.93
PKM-02-0662,Wavern-68,Water,76,57,65,89,70,71,2,False,Common,1.35
PKM-02-0663,Astralith-272,Psychic,58,74,52,101,95,74,2,False,Uncommon,4.26
PKM-03-0664,Mantidor-221,Bug,62,70,61,35,64,94,3,False,Uncommon,3.36
PKM-07-0665,Beetlix-57,Bug,69,73,61,47,57,78,7,False,Common,0.69
PKM-08-0666,Beetlix-298,Bug,72,70,51,51,60,56,8,False,Rare,6.52
PKM-07-0667,Polter-42,Ghost,63,68,52,101,71,91,7,False,Rare,6.96
PKM-04-0668,Zaptor-7,Electric,62,74,82,72,77,85,4,False,Uncommon,3.5
PKM-04-0669,Magmoth-211,Fire,63,95,47,85,66,73,4,False,Common,0.96
PKM-02-0670,Shadowix-20,Dark,70,87,62,74,54,86,2,False,Common,1.18
PKM-05-0671,Shadowix-269,Dark,82,80,82,72,65,84,5,False,Ultra Rare,37.12
PKM-06-0672,Chargeon-252,Electric,58,56,53,89,58,83,6,False,Common,0.95
PKM-08-0673,Titanor-266,Steel,79,76,82,77,84,77,8,False,Common,1.63
PKM-04-0674,Soarling-16,Flying,89,71,57,72,59,86,4,False,Ultra Rare,22.44
PKM-08-0675,Amperix-238,Electric,65,47,58,86,74,84,8,False,Uncommon,3.14
PKM-02-0676,Eclipsor-251,Dark,78,101,68,81,61,79,2,False,Uncommon,4.28
PKM-04-0677,Amperix-82,Electric,74,84,58,76,72,112,4,False,Common,1.29
PKM-06-0678,Boltund-218,Electric,74,69,58,95,67,106,6,False,Uncommon,3.89
PKM-05-0679,Sparklix-164,Fairy,81,61,63,109,121,93,5,True,Rare,50.09
PKM-05-0680,Tidalus-5,Water,104,70,86,78,82,65,5,False,Ultra Rare,36.35
PKM-08-0681,Mysticor-193,Psychic,66,66,58,89,97,70,8,False,Common,1.41
PKM-05-0682,Blazeon-171,Fire,69,89,47,68,70,99,5,False,Common,0.94
PKM-03-0683,Plainix-149,Normal,62,62,62,64,58,75,3,False,Common,0.66
PKM-04-0684,Fairyeon-167,Fairy,83,70,73,82,94,83,4,False,Rare,144.0
PKM-01-0685,Basicus-121,Normal,68,84,74,48,54,66,1,False,Common,1.08
PKM-02-0686,Wavern-205,Water,97,74,69,80,73,72,2,False,Uncommon,3.99
PKM-09-0687,Splashon-53,Water,95,100,74,81,84,72,9,False,Uncommon,4.24
PKM-02-0688,Terranix-36,Ground,90,76,94,62,83,55,2,False,Ultra Rare,30.32
PKM-09-0689,Hydrox-283,Water,64,70,70,75,89,64,9,False,Common,1.2
PKM-03-0690,Combatix-241,Fighting,83,87,80,42,66,73,3,False,Common,1.17
PKM-02-0691,Marinox-52,Water,91,72,80,75,68,69,2,False,Uncommon,3.18
PKM-04-0692,Glimmer-36,Fairy,76,53,66,88,105,76,4,False,Uncommon,3.39
PKM-05-0693,Coralith-60,Water,67,66,70,83,77,81,5,False,Common,1.39
PKM-07-0694,Voidling-204,Dark,79,93,78,63,63,89,7,False,Uncommon,2.87
PKM-04-0695,Galeforce-196,Flying,75,76,72,78,75,85,4,False,Common,0.95
PKM-07-0696,Buzzwing-117,Bug,73,66,87,34,44,88,7,False,Common,0.9
PKM-07-0697,Commonus-27,Normal,75,68,60,65,83,68,7,False,Ultra Rare,33.44
PKM-02-0698,Skyeon-222,Flying,69,79,53,52,54,81,2,False,Common,0.99
PKM-01-0699,Magmoth-27,Fire,81,81,47,80,83,93,1,False,Common,1.61
PKM-08-0700,Combatix-172,Fighting,63,82,77,65,69,70,8,False,Secret Rare,103.41
PKM-03-0701,Tidalus-63,Water,82,60,71,85,81,96,3,False,Secret Rare,149.54
PKM-08-0702,Zephyrus-149,Flying,71,67,50,65,65,101,8,False,Common,1.38
PKM-04-0703,Polter-231,Ghost,89,66,68,104,89,117,4,True,Uncommon,11.01
PKM-04-0704,Mentalis-102,Psychic,75,53,61,91,86,81,4,False,Rare,8.01
PKM-07-0705,Zaptor-80,Electric,50,73,64,96,62,69,7,False,Rare,8.1
PKM-08-0706,Blizzara-144,Ice,56,86,63,96,70,68,8,False,Common,1.52
PKM-05-0707,Psywave-168,Psychic,70,58,64,80,98,90,5,False,Ultra Rare,41.1
PKM-08-0708,Zaptor-255,Electric,77,64,52,92,75,104,8,False,Uncommon,3.24
PKM-01-0709,Magmoth-53,Fire,100,74,65,87,81,79,1,False,Rare,11.05
PKM-07-0710,Thundera-134,Electric,78,62,48,93,59,82,7,False,Rare,9.24
PKM-08-0711,Spectreon-35,Ghost,49,54,50,87,93,93,8,False,Ultra Rare,27.21
PKM-04-0712,Soarling-256,Flying,64,72,65,71,74,89,4,False,Uncommon,4.23
PKM-02-0713,Tsunamon-183,Water,77,75,76,78,78,74,2,False,Rare,13.04
PKM-06-0714,Psywave-267,Psychic,57,73,40,111,85,84,6,False,Common,1.44
PKM-01-0715,Cloudor-87,Flying,74,106,81,68,88,125,1,True,Uncommon,19.42
PKM-07-0716,Avianix-8,Flying,72,75,54,92,62,81,7,False,Common,0.84
PKM-06-0717,Faewyn-229,Fairy,63,60,59,79,107,77,6,False,Rare,7.57
PKM-02-0718,Titanor-269,Steel,74,82,86,61,107,63,2,False,Rare,11.43
PKM-03-0719,Petalia-271,Grass,87,109,101,105,81,110,3,True,Ultra Rare,133.94
PKM-03-0720,Brawlix-273,Fighting,69,85,93,57,39,71,3,False,Ultra Rare,22.12
PKM-06-0721,Combatix-289,Fighting,103,79,56,56,76,83,6,False,Common,1.58
PKM-06-0722,Zephyrus-239,Flying,69,88,63,80,71,76,6,False,Common,1.21
PKM-05-0723,Magmoth-159,Fire,70,85,72,79,86,71,5,False,Common,1.54
PKM-03-0724,Buzzwing-295,Bug,51,60,50,50,63,72,3,False,Uncommon,2.63
PKM-03-0725,Scaledor-248,Dragon,82,79,79,63,92,56,3,False,Uncommon,2.95
PKM-01-0726,Nightshade-75,Dark,89,92,66,94,54,65,1,False,Common,1.41
PKM-02-0727,Shadowix-13,Dark,60,94,79,82,63,72,2,False,Rare,10.13
PKM-02-0728,Aquaeon-72,Water,79,74,75,72,81,60,2,False,Common,1.5
PKM-05-0729,Buzzwing-79,Bug,71,79,65,51,69,81,5,False,Uncommon,2.64
PKM-08-0730,Vinegor-227,Grass,73,78,68,91,69,77,8,False,Uncommon,3.95
PKM-02-0731,Mossling-265,Grass,74,59,64,88,73,65,2,False,Uncommon,4.22
PKM-08-0732,Ignithor-81,Fire,86,96,69,81,46,78,8,False,Uncommon,3.4
PKM-09-0733,Fistina-155,Fighting,80,89,71,44,68,88,9,False,Common,1.56
PKM-09-0734,Puncheon-262,Fighting,82,86,70,38,63,95,9,False,Rare,12.05
PKM-08-0735,Soilent-139,Ground,104,117,121,78,91,78,8,True,Common,5.17
PKM-01-0736,Biohazard-40,Poison,51,101,77,65,72,61,1,False,Common,0.97
PKM-02-0737,Winglord-193,Flying,69,59,63,76,56,91,2,False,Common,1.19
PKM-03-0738,Marinox-158,Water,100,63,74,79,76,74,3,False,Rare,7.5
PKM-02-0739,Voidling-168,Dark,55,81,85,87,64,84,2,False,Uncommon,4.4
PKM-03-0740,Alloyus-38,Steel,49,73,105,59,71,62,3,False,Common,0.85
PKM-02-0741,Steelgard-258,Steel,76,89,101,60,84,60,2,False,Uncommon,3.15
PKM-08-0742,Toxeon-149,Poison,63,75,70,91,70,97,8,False,Rare,10.59
PKM-02-0743,Tidalus-210,Water,91,54,64,78,86,76,2,False,Common,1.05
PKM-06-0744,Sparkeon-23,Electric,79,49,57,76,53,104,6,False,Ultra Rare,31.84
PKM-01-0745,Quarryx-68,Rock,70,101,92,67,75,36,1,False,Common,1.17
PKM-08-0746,Sparkeon-136,Electric,56,61,65,91,54,102,8,False,Uncommon,4.22
PKM-01-0747,Shockwave-137,Electric,52,46,79,91,90,84,1,False,Common,1.46
PKM-08-0748,Standardix-156,Normal,80,69,73,73,59,54,8,False,Common,0.78
PKM-07-0749,Forgeron-154,Steel,74,92,84,75,101,60,7,False,Common,1.4
PKM-01-0750,Ironix-60,Steel,77,89,98,73,84,58,1,False,Rare,13.22
PKM-03-0751,Splashon-9,Water,101,73,78,93,87,73,3,False,Uncommon,4.39
PKM-01-0752,Telekine-30,Psychic,71,49,41,87,86,71,1,False,Rare,8.1
PKM-07-0753,Aquaeon-259,Water,96,85,60,74,88,47,7,False,Uncommon,3.68
PKM-03-0754,Hydrox-290,Water,85,66,76,75,106,84,3,False,Uncommon,4.1
PKM-04-0755,Sparkeon-136,Electric,57,61,80,83,65,102,4,False,Common,1.0
PKM-06-0756,Telekine-38,Psychic,100,69,122,116,140,125,6,True,Rare,56.49
PKM-06-0757,Flamara-36,Fire,60,88,63,83,75,82,6,False,Common,1.19
PKM-06-0758,Soarling-63,Flying,71,73,72,74,51,85,6,False,Common,1.41
PKM-01-0759,Cloudor-208,Flying,93,96,97,79,87,111,1,True,Uncommon,17.11
PKM-06-0760,Titanor-249,Steel,85,76,86,73,94,61,6,False,Uncommon,4.06
PKM-08-0761,Aerion-178,Flying,69,76,45,59,64,99,8,False,Common,1.12
PKM-06-0762,Hydrox-10,Water,85,87,68,91,67,77,6,False,Uncommon,3.06
PKM-06-0763,Psywave-84,Psychic,77,46,77,89,91,80,6,False,Uncommon,4.13
PKM-09-0764,Magmoth-98,Fire,67,84,58,87,67,86,9,False,Common,1.58
PKM-09-0765,Floravia-217,Grass,68,59,70,89,70,72,9,False,Rare,9.99
PKM-08-0766,Chargeon-78,Electric,69,68,41,100,68,98,8,False,Rare,7.39
PKM-02-0767,Poisona-40,Poison,73,75,65,75,59,78,2,False,Common,1.33
PKM-01-0768,Boulderix-165,Rock,90,65,97,53,75,41,1,False,Uncommon,2.84
PKM-02-0769,Normaleon-286,Normal,68,69,56,56,56,73,2,False,Common,1.13
PKM-03-0771,Shockwave-298,Electric,52,76,31,93,84,86,3,False,Uncommon,3.67
PKM-01-0772,Sproutling-113,Grass,71,82,81,80,92,80,1,False,Uncommon,3.03
PKM-07-0773,Wavern-281,Water,91,86,78,81,76,56,7,False,Common,1.34
PKM-06-0774,Scorchling-25,Fire,75,96,60,76,56,77,6,False,Ultra Rare,30.12
PKM-06-0775,Galeforce-129,Flying,71,89,50,71,68,81,6,False,Uncommon,3.81
PKM-08-0776,Poisona-232,Poison,52,70,72,71,98,80,8,False,Rare,9.2
PKM-04-0777,Brawlix-210,Fighting,57,99,71,43,48,81,4,False,Common,1.24
PKM-01-0778,Zaptor-18,Electric,63,62,63,115,66,96,1,False,Uncommon,3.46
PKM-01-0779,Wraith-246,Ghost,92,53,59,65,80,95,1,False,Common,1.25
PKM-02-0780,Hivelix-117,Bug,55,75,67,53,59,65,2,False,Uncommon,2.78
PKM-03-0781,Floravia-148,Grass,75,60,92,62,62,64,3,False,Rare,10.02
PKM-02-0782,Combatix-36,Fighting,80,93,57,60,53,62,2,False,Common,1.14
PKM-09-0783,Pyroar-224,Fire,91,77,76,81,72,65,9,False,Ultra Rare,32.46
PKM-01-0784,Shockwave-166,Electric,54,75,65,88,77,83,1,False,Rare,11.07
PKM-04-0785,Combatix-137,Fighting,62,100,86,41,49,79,4,False,Ultra Rare,32.03
PKM-05-0786,Infernus-224,Fire,83,93,74,80,77,86,5,False,Uncommon,4.52
PKM-01-0787,Obsidian-67,Dark,73,81,67,84,81,78,1,False,Common,1.34
PKM-08-0788,Mossling-132,Grass,93,101,136,86,99,76,8,True,Rare,56.24
PKM-03-0789,Pyroar-12,Fire,79,124,113,117,97,120,3,True,Common,6.22
PKM-03-0790,Basicus-18,Normal,77,86,53,86,49,65,3,False,Common,1.0
PKM-06-0791,Tsunamon-15,Water,86,49,57,77,77,77,6,False,Common,0.81
PKM-02-0792,Shockwave-207,Electric,79,55,52,105,71,103,2,False,Uncommon,3.86
PKM-01-0793,Glimmer-143,Fairy,55,56,78,90,96,71,1,False,Ultra Rare,35.67
PKM-07-0794,Cerebryx-289,Psychic,69,50,70,96,85,87,7,False,Rare,11.85
PKM-03-0795,Machamp-21,Fighting,82,103,77,52,38,77,3,False,Rare,11.17
PKM-03-0796,Regulon-258,Normal,83,57,77,59,54,73,3,False,Ultra Rare,20.2
PKM-02-0797,Ignithor-172,Fire,59,81,53,84,78,86,2,False,Rare,6.82
PKM-02-0798,Grimora-112,Dark,62,103,57,80,77,60,2,False,Common,1.26
PKM-02-0799,Astralith-246,Psychic,54,44,62,79,87,85,2,False,Common,1.21
